file_name,catégorie,description,transcription
FO-A-1644,ALLEMAGNE,"Lettre datée du 1er mai depuis Grunewald‑Berlin (Herthastr. 1), signée ""Sincèrement Mendelssohn"", où l'auteur multiplie les remerciements et affirme être ravi et reconnaissant. Il conclut par un au revoir, demande de ""faire"" ou d'« contrebalancer » une zone de musique, puis ajoute un ""grazie"" et transmet ses amitiés.","GRUNEWALD-BERLIN
HERTHASTR. 1

1er Mai

Merci -
Merci -
Merci
Merci

Je veux dire ?

Nous sommes ravis -
et tellement reconnaissants

Au revoir - Zone de

musique il faudra vous
faire pour contrebalancer
un petit peu - et encore !
grazie - toutes nos amitiés

Sincèrement Mendelssohn"
IMG_0023,ANGLETERRE,"Lettre datée de Londres (30/10/1930) de ""Druigi"" adressée à Mlle Mimi Forien, annonçant qu'il/elle viendra bientôt à Paris, transmettant bonjour et compliments à Madame Forien et à Suzanne. L'auteur termine affectueusement par ""beaucoup de baises"" et se présente comme votre amie Mimie/Druigi.","Melle. Mimi Forien
c/o Madame. Forien
30. Bis Rue Frontini
Pari'
France.

30.10.1930 London.
mon. Petit chere. mume
je suis venu. bientot!
Paris par. Bonjour.
dona. mon. Bon- compliment-
Madame. Forin. est mama
pour. and maman Suzanne
exbourse. tout de family
que. moi votre petit
ennie. Druigi
Beaucoup de Baises.
Pour vous mon Petit-
Mimie. votre amie
Druigi"
IMG_0110,ANGLETERRE,"Mme Schweinitz, depuis 18 Hyde Park Place à Londres, adresse ses ""mille souvenirs"" et ""les meilleurs"" à Madame et Monsieur et belle Forain, 30 bis rue Spontini, Paris.","Madame
et
Monsieur et belle
Forain
30 bis rue Spontini
Paris France

18 Hyde Park
place

Mille souvenirs
les meilleurs
de Londres
Mme Schweinitz"
FO-0002_2,CATALOGUE RAISONNE,"Annonce d'une vente aux enchères publiques (Sale Number 3510) organisée par Sotheby Parke Bernet Inc. à New York, avec exposition gratuite du 27 avril et ventes prévues les 2, 3 et 4 mai 1973. Le document donne l'adresse (980 Madison Avenue), le prix du catalogue, l'obligation d'admission par carte et liste les responsables de la vente (Peter C. Wilson, John L. Marion, Edward Lee Cave, Kirk Igler, Robert C. Woolley, Marc E. Rosen, Harmer Johnson, Gabriel Austin).","SALE NUMBER 3510

CATALOGUE PRICE $8 • BY MAIL $10


FREE PUBLIC EXHIBITION

From Friday April

27 to noon on days of sales
(closed Sunday and Monday)

PUBLIC AUCTION


Wednesday · May 2at approximately 8:30 p.m.

Thursday · May 3 at 8 p.m.

Friday · May 4 at 8 p.m.

ADMISSION TO SALES BY CARD ONLY.
CARD TO BE OBTAINED BY APPLICATION TO THE GALLERIES.

EXHIBITION & SALE AT THE NEW YORK GALLERIES OF

SOTHEBY PARKE BERNET INC

980 MADISON AVENUE · 76TH-77TH STREET

NEW YORK 10021

TELEPHONE: 212/879-8300
CABLE: PARKGAL, NEW YORK

1 1 1

Sales Conducted by

PETER C. WILSON · JOHN L. MARION · EDWARD LEE CAVE

KIRK IGLER · ROBERT C. WOOLLEY · MARC E. ROSEN

HARMER JOHNSON · GABRIEL AUSTIN

1973"
FO-0002_4,CATALOGUE RAISONNE,"Feuille de Sotheby & Co. relative à la vente ""Impressionist and Modern Paintings, Drawings and Sculpture"" du mercredi 3 juillet 1968, énumérant pour chaque lot le prix réalisé en livres sterling et en dollars ainsi que le nom de l'acheteur. On y figurent 92 lots avec acheteurs identifiés (Marlborough Fine Art, Findlay, Murray, Ovinesky, Leggatt, etc.).","SOTHEBY & CO.

SALE OF

IMPRESSIONIST AND MODERN PAINTINGS,
DRAWINGS AND SCULPTURE

_____

Wednesday 3 July 1968

_____

PRICES AND BUYERS' NAMES

Lot               £        $        Lot               £         $
1  Eknayan        2,100   5,040.00   46  Kende           2,200    5,280.00
2  Marlborough Fine Art 10,500 25,200.00 47  Hervey       13,000   31,200.00
3  Marlborough Fine Art 8,000  19,200.00 48  Wilmers, Charles 18,000 43,200.00
4  Mann, L.       13,600  32,640.00 49  Adler, O.       9,000   21,600.00
5  Hahn, S.        5,400  12,960.00 50  Saltzman, Mrs.  2,000    4,800.00
6  Marlborough Fine Art 16,800 40,320.00 51  Weintraub Gallery 3,400 8,160.00
7  Leggatt         8,000  19,200.00 52  Leggatt         2,600    6,240.00
8  Roland Browse & Delbanco 8,500 20,400.00 53  Hahn, S.      4,500   10,800.00
9  Murray, A.     18,500  44,400.00 54  Hahn, S.        6,600   15,840.00
10 Tooth, A.        5,000  12,000.00 55  Michel         39,000   93,600.00
11 Drinkhouse     52,000 124,800.00 56  Findlay, W.     5,500   13,200.00
12 Courage        46,000 110,400.00 57  Feigen, R.      1,200    2,850.00
13 Johnson, P.   145,000 348,000.00 58  Fiechenfeldt   10,500   25,200.00
14 Higgons, Mrs.  15,500  37,200.00 59  Kende           1,550    3,720.00
15 Murray, A.     37,000  88,800.00 60  Samuels        15,000   36,000.00
16 Ovinesky       11,000  26,400.00 61  Bloch, G.       6,000   14,400.00
17 Severini       13,000  31,200.00 62  Wilkinson, Mrs. 27,000  64,800.00
18 Findlay, W.     4,200  10,080.00 63  Mann, L.       15,000   36,000.00
19 Murray, A.     54,000 129,600.00 64  Ovinesky       22,000   52,800.00
20 Marlborough Fine Art 4,000  9,600.00 65  Ovinesky      23,000   55,200.00
21 Elkon Gallery  16,000  38,400.00 66  Findlay, W.    60,000  144,000.00
22 Charles         2,500   6,000.00 67  Mayor Gallery  12,000   28,800.00
23 Aubrey          3,000   7,200.00 68  Leggatt         3,200    7,680.00
24 Charles         1,800   4,320.00 69  Thaw, G.       17,000   40,800.00
25 Findlay, W.     7,500  18,000.00 70  Mann, L.       15,000   36,000.00
26 Wilkinson, Mrs. 11,200  26,480.00 71  Waddington Gallery 6,500 15,600.00
27 Grosz          10,000  24,000.00 72  Findlay, W.    25,000   60,000.00
28 Murray, A.     52,000 124,800.00 73  Claveron        3,200    7,680.00
28A Murray, A.    19,500  46,800.00 74  Lang, R.       25,000   60,000.00
29 Maxwell, Lloyd  1,800   4,320.00 75  Samuel, Spencer 9,500   22,800.00
30 Labrousse       2,800   6,720.00 76  Bernier        52,000  124,800.00
31 Salz, Sam      38,500  92,400.00 77  Leggatt         2,600    6,240.00
32 Findlay, W.     4,000   9,600.00 78  Aquavella       3,800    9,120.00
33 Satzman, Mrs. H. 4,500  10,800.00 79  Findlay, W.     9,200   21,600.00
34 Ovinesky       56,000 134,400.00 80  Labrousse       2,200    5,280.00
35 Murray, A.      9,000  21,600.00 81  Elkon Gallery  15,000   36,000.00
36 Drinkhouse     19,500  46,800.00 82  Josey          13,000   31,200.00
37 Green, R.       7,500  18,000.00 83  Garner, M.     13,000   31,200.00
38 Mann, L.        9,500  22,800.00 84  Hauser, H.     18,000   43,200.00
39 Grosz          24,000  57,600.00 85  Saladine       79,000  189,600.00
40 Findlay, W.     3,500   8,400.00 86  Labrousse       1,800    4,320.00
41 Findlay, W.     3,800   9,120.00 87  Sir Edward Moore 9,000  21,600.00
42 Cleaveron       6,500  15,600.00 88  Nathan          8,000   19,200.00
43 Burton, Mrs. Richard 50,000 120,000.00 89  Adler, O.     4,400   10,560.00
44 Mann, L.        6,400  15,360.00 90  Greene, J. L.   6,000   14,400.00
45 de Brayne, A. F. 22,000  52,800.00 91  Weintraub Gallery 4,200 10,080.00
                                                         92  Ascher, Mrs.  15,200   36,480.00"
FO-0009_5,CATALOGUE RAISONNE,"Le 22 mai 2001, Florence Valadier (Forain) indique que l'œuvre ""Elégante devant un banquet de fleurs"", huile sur panneau monogrammée en bas à droite, 38 x 60 cm, photographiée au recto, sera répertoriée dans le catalogue raisonné de Jean‑Louis Forain (1852–1931) en préparation.","""Elégante devant un banquet de fleurs"", huile
sur panneau monogrammée en bas à droite, 38 x 60 cm,
photographiée au recto, sera répertoriée au
catalogue raisonné de l'Oeuvre de Jean-Louis Forain
(1852-1931) en préparation.
le 22 mai 2001,

Florence Valadier, Forain."
FO-0010_2,CATALOGUE RAISONNE,"Le 3 décembre 1997, Florence Valette-Farin et J. Chagnaud‑Forain déclarent que le tableau photographié au recto, intitulé ""Colette et Paul Nassan"", huile à la colle et détrempe signée en bas à droite (vers 1854–1856, 73 × 92 cm), sera inclus dans le catalogue raisonné de l'œuvre de Jean‑Louis Forain qu'ils préparent.","le tableau photographié au recto, intitulé ""Colette et Paul Nassan"", huile peinture à la colle et détrempe,
signée en bas à droite, circa 1854-1856, 73 x 92 cm,
sera inclus dans le catalogue raisonné de
l'Oeuvre de Jean-Louis Forain que nous préparons.

le 3 décembre 1997,

Florence Valette-Farin.        J. Chagnaud-Forain"
FO-0010_9,CATALOGUE RAISONNE,"Notes de Jean‑Louis Forain décrivant une scène de café : femme au manteau inachevé et chapeau sur une banquette rouge, paquets et dames — composition jugée d'intérêt historique et psychologique et d'une grande spontanéité. Il évoque des liens familiaux (sa sœur, une tante), l'incident où Paul Rousan lui prend la main, la future célébrité embarrassante d'une actrice, et fait allusion à Willy et à l'École de Paris.","- garder un manteau inachevé qui conviendrait -
- commission de toilette, très féminine,
- notoriété étrange, déposition ouest

- avec chapeau, comme souvent a cette
époque -
- banquette rouge -

✶ intérêt d'histoire évident

- faire avec sa soeur a détaché le caractère iff d'espèce
de calotte, tante jeune à l'ïle pagneur -

Gadre Soso.

- douceur.

✶ intérêt psychologique

✶ sans doute dans un café - posé paquets, dames.

✶ celle qui deviendra un des acteurs f. cet etras.
immense succès - embarasera les mémoires -

✶ Paul Rousan lui ""tire"" la main -
On pense que c'est ceci est juste
probable car il semble qu'on la rappelle.
- faire a du cementin cullette par Willy, son
main qui était chroniquée à l'école de Paris
et feustritains même.

- beaucoup de spontanéité ; une un page -"
FO-0013_4,CATALOGUE RAISONNE,"Annonce d'une vente aux enchères de tableaux modernes et d'art contemporain organisée par Pierre Cornette de Saint Cyr à Drouot‑Montaigne le samedi 28 octobre, avec dates et horaires d'exposition, coordonnées de l'étude, prix du catalogue (100 F) et liste des experts. La notice énumère les lots et artistes présentés — notamment Jean‑Louis Forain («Au café»), Andy Warhol, Yves Klein, Niki de Saint‑Phalle, Robert Combas, Sam Francis, etc.","Paris

PIERRE CORNETTE de SAINT CYR
C O M M I S S A I R E - P R I S E U R
44, avenue Kléber, 75016 Paris - Tél. : 01.47.27.11.24 - Télécfax : 01.45.53.45.24
Consultation sur Internet : http://www.auction-fr.com/pcsc
_____________________________________________________________

DROUOT-MONTAIGNE
Samedi 28 octobre à 20 h

TABLEAUX MODERNES - ART CONTEMPORAIN

Experts

Wilfrid VACHER, 88, rue Pierre-Demours,
75017 Paris, tél. et fax : 01.43.80.63.79

Marie-Hélène GRINFEDER,
48, rue de la La Clef, 75005 Paris,
tél. : 01.43.36.54.99, fax : 01.45.35.40.09

Marie-Claire COTINAUD, 21 bis, rue Molière,
75001 Paris, tél. et fax : 01.42.60.34.84

Michel BOHBOT, 27, rue Max-Dormoy,
75018 Paris, tél. et fax : 01.40.37.21.41

Cabinet André SCHOELLER,
15, rue Drouot, 75009 Paris,
tél. : 01.47.70.15.22, fax : 01.42.46.44.91

Pour tout renseignement, contacter
Arnaud CORNETTE de SAINT-CYR, à l'étude,
tél. : 01.47.27.11.24
http://www.auction-fr.com/pcsc

Catalogue sur demande à l'étude : 100 F
(tableaux modernes et contemporains)
et 100 F (Art actuel)

Antonio SEGUI : « Un week-end Strafalano »,
1983, acrylique sur toile, 130 x 268 cm

Jean-Charles BLAIS :
« Acrobate, 1982 »,
acrylique sur affiches lacérées,
signé au dos, 150 x 115 cm

Exposition publique
Jeudi 26 octobre de 11 h à 22 h,
vendredi 27 octobre de 11 h à 21 h,
samedi 28 octobre de 11 h à 17 h

Tél. pendant les expositions
et la vente : 01.48.00.20.91/92

Robert COMBAS :
« La Baignade, 1990 »,
acrylique sur toile,
sbd, 120 x 167 cm

Sam FRANCIS : « Sans titre, 1976 », acrylique sur papier, signé,
daté et dédicacé « Sam Francis Merry Christmas to Philip and Paula 1976 »
au dos, 56 x 76 cm

Jean-Louis FORAIN :
« Au café »,
hst, 61 x 50 cm

Niki de SAINT-PHALLE :
« La Californienne, 2000 »,
nana-vase en résine peinte, signé
et numéroté 8/83/150 en dessous,
cachet Haligon, H. 34 cm

Yves KLEIN :
« La Vénus
d'Alexandrie,
S41 », plâtre
peint IKB
et résine sur
plâtre, multiple
édité à 353
exemplaires,
H. 70 cm

Andy WARHOL :
« Campbell's Soup : Onion Mushroom, 1986 »,
acrylique et encre sérigraphique sur toile,
signé et daté sur le revers, 35 x 35,5 cm

ARMAN - ARNAL - ATLAN - AUBERTIN - BAECHLER - BARRÉ - BASQUIAT - BEN - BEUYS - BLAIS - BOISROND - BRACONNIER
- BRAUNER - BUREN - CAMACHO - CANE - CÉSAR - CHIA - COMBAS - CONDO - DEBRÉ - DUFY - DEGOTTEX - DESSERPRIT
- DEVADE - Hervé DI ROSA - DOUCET - ERNST - ERRO - ESTÈVE - FAVIER - FORAIN - FOUJITA - FRANCIS - GILLI - GNOLE
- GUYOMARD - HARTUNG - HERBIN - HYBERT - JACQUET - JAMMES - JOURNIAC - KACERE - KERMARREC - KLASEN - KLEE
- KURODA - LANSKOY - LA SERNA - LE GAC - LE GROMELLEC - LHOTE - LINDSTRÖM - LUTHI - MAGRITTE - MALAVAL
- MARFAING - MARTIN - MASSON - MING - MOSSET - NOËL - OLDENBURG - OTHONIEL - Nam June PAIK - Anne et Patrick
POIRIER - POIVRET - POLIAKOFF - RAINER - RAUSCHENBERG - RAYNAUD - RUFF - SAINT PHALLE - SAUDEK - SCHNEIDER
- SEGUI - SERRANO - SOULAGES - SPOERRI - STAMPFLI - STRUTH - TAPIES - TÉLÉMAQUE - VALADON - VALTAT - VIALLAT
- VIEIRA DA SILVA - WARHOL - WESSELMANN"
FO-0015_7,CATALOGUE RAISONNE,"Louise Breslau écrit à un ""cher Monsieur"" pour dire qu'elle est rentrée depuis deux jours, qu'elle est très prise par des rangements et n'a pu venir faire retoucher sa veste, et lui demande l'adresse de sa femme, médecin homéopathe dont il lui avait parlé, en ajoutant qu'elle aimerait savoir s'il a passé un bel été.","Cher Monsieur
Etes-vous de retour ?
Moi je le suis depuis deux
jours seulement - et très
pressé par toutes sortes de
rangements, sans quoi j'aurais
eu le plaisir d'aller vous
voir pour tailler ma veste
Je voulais vous demander

aussi l'adresse de votre
femme médecin homéopathe
de laquelle vous étiez si
satisfait- Seriez-vous assez
gentil de me la faire savoir
- et de me dire en même
temps si vous avez passé un
été agréable -
Mille choses amicales
en attendant
Louise Breslau"
FO-0016_6,CATALOGUE RAISONNE,"Annonce de vente aux enchères publiques ""Importants Tableaux Modernes et Sculptures"" organisée par Deauville Auction et dirigée par Régis Bailleul le vendredi 16 août 2002 à 20h30 à l'Établissement Elie de Brignac, 32 avenue Hocquart de Turtot à Deauville, avec expositions publiques les 14, 15 et 16 août (10h30–12h et 15h–19h). L'avis mentionne les coordonnées et mentions légales de l'Agence Française de Vente du Pur‑Sang/Société de ventes volontaires, ainsi que M. Frédéric MULYS‑SARFATI comme expert avec ses coordonnées.","DEAUVILLE AUCTION
Internet : www.deauville-auction.com
e-mail : deauville-auction@wanadoo.fr

IMPORTANTS TABLEAUX MODERNES
ET SCULPTURES

Vendredi 16 août 2002 à 20 h 30
Etablissement Elie de Brignac
32, avenue Hocquart de Turtot à Deauville
Tél. : 02.31.81.81.00 Fax : 02.31.81.81.01

Vente aux enchères publiques dirigée par Régis Bailleul

EXPOSITIONS PUBLIQUES
Mercredi 14, jeudi 15 et vendredi 16 août 2002
10 h 30 à 12 h - 15 h à 19 h

Agence Française de Vente du Pur-Sang

Société de ventes volontaires aux enchères publiques
agréée en date du 7 mars 2002 sous le n° 2002-082
32, avenue Hocquart de Turtot - BP 23100 - 14803 DEAUVILLE CEDEX
Téléphone : 02.31.81.81.00 - Fax : 02.31.81.81.01
Société Anonyme au capital de 1 407 400 €
régie par la loi du 10 juillet 2000 et les décrets 2001-650-651-652 du 19 juillet 2001
R.C. Paris B 682 020 946 - SIRET 682 020 946 00039

Expert : M. Frédéric MULYS-SARFATI
9, rue du Commandant Marchand, 75116 Paris
Portable : 06.07.52.26.87 - Tél. Normandie : 02.31.64.15.09
Tél. Paris : 01.45.00.04.73 - Fax : 01.45.00.04.83"
FO-0017_2,CATALOGUE RAISONNE,"Note de Florence Valade (Paris) datée du 23 juin 2000 indiquant que ""Nu dans un Intérieur"", huile sur toile 41 x 33 cm (photographie au recto), sera répertoriée dans le catalogue raisonné de l'œuvre de Jean‑Louis Forain (1852‑1931) en préparation. Elle précise que l'œuvre a vraisemblablement été réalisée vers 1896.","""Nu dans un Intérieur"", huile sur toile,
41 x 33 cm, dont photographie sur un
recto, sera répertoriée dans le catalogue
raisonné de l'Oeuvre de Jean-Louis Forain
(1852-1931) en préparation.
Il est vraisemblable que cette oeuvre
ait été réalisée vers 1896
le 23 juin 2000,
Florence Valade - Paris"
FO-0019_2,CATALOGUE RAISONNE,"Le 22/11/1999, M. et Mme Hervé Fauchier Delavigne (9, rue Las Cases, 75007 Paris) envoient, avec un peu de retard, une photo du tableau de Forain dont ils avaient parlé au téléphone et proposent au destinataire de passer dans leur quartier pour le lui montrer; ils concluent en adressant leurs sentiments les meilleurs.","M R & M ME HERVÉ FAUCHIER DELAVIGNE
01 45 51 20 26
9, RUE LAS CASES
75007 PARIS

Lundi 22/11/1999
Voici , avec malheureusement un peu de retard , une photo du tableau de Forain dont je vous avais parlé
au téléphone - Si vous passez dans notre quartier nous serons heureux de vous le montrer.
Avec nos sentiments les meilleurs.

Hervé Fauchier Delavigne"
FO-0020_1,CATALOGUE RAISONNE,"Notes d'archives sur Colette et Paul Masson évoquant l'exposition ""Vie d'artistes et célébrations de la peinture contemporaine"" au Musée Galliera du 6 au 30 mars 1953 (reproduit dans Arts le 26 mars 1953) et une vente à Enghien le 24 octobre 1982. Mention séparée d'une vue de ""Régine"" de face dans sa loge, vue à Mexico le 15 septembre 1981 (réf. FO-TAB.020), avec la note ""Doct. amsy.""","* Colette & Paul Masson

Expo: Vie d'artistes et célébrations
de la peinture contemporaine - Musee Galliera
6-30 mars 1953
Vente: Enghien 24 oct 1982

reproduit ""Arts"" 26 mars 1953.

* Régine dans sa loge de face
vu dans un particulier à Mexico
le 15 sept 1981. (FO-TAB.020)

Doct. amsy."
FO-0021_1,CATALOGUE RAISONNE,"Notes bibliographiques et de provenance: références à «George Moore à l'opéra», Art News Annual 1950 (relevé dans Art Index, janv. 1951) et notice d'un «portrait présumé du peintre Courtais devant son chevalet», panneau signé et dédicacé (40 × 32 cm), exposé n°57b au ""Salon de 1880 à 1900"" et cité dans la Gazette des Beaux-Arts, mai 1936. Il est indiqué que l'œuvre appartenait à M. Georges Viau et fut adjugée 106 000 F le 11 décembre 1942; document référencé Doc Orsay.","- george moore à l'opera
Art News Annual L20
p119, 1950 -
relevé dans Art Index Janv 1951
(FO_TAB_021)

portrait présumé du peintre Courtais
devant son chevalet
panneau
signé et dédicacé 40 x 32cm
Expo : n° 57 b ""Salon de 1880 à 1900""
Gazette des Beaux Arts, mai 1936
collection de M. Georges Viau
11 dec. 1942
adjugé 106 000 F
(FO_TAB_022)

Doc Orsay"
FO-0025_3,CATALOGUE RAISONNE,"Avis de vente aux enchères pour la succession de Madame A. (vente après décès R.) organisée par les commissaires‑priseurs Mᵉ Maurice Rheims, Mᵉ René‑G. Laurin et Mᵉ Philippe Rheims aux Salons du George‑V, 31 avenue George‑V à Paris, le mardi 10 juin 1969, avec expositions privée et publique les 2–6 juin et 9–10 juin. La notice donne aussi la liste des experts pour les tableaux modernes (Charles Durand‑Ruel, Jacques Dubourg, Mlle Paule Caillac, Paul Ebstein) et les coordonnées des études Rheims & Laurin.","Succession de Madame A.
Vente après Décès R.
A Divers Amateurs

VENTE A PARIS — SALONS DU GEORGE V
31, avenue George-V, Paris
Le MARDI 10 JUIN 1969, à 17 h. et 21 h.

Vente par le Ministère de :
Mᵉ MAURICE RHEIMS
Mᵉ RENÉ-G. LAURIN
Mᵉ PHILIPPE RHEIMS
Commissaires-Priseurs
1, rue de Lille - Paris-VIIe — tél. 222-61-90

assistés pour les Tableaux Modernes de :
M. CHARLES DURAND-RUEL
Expert près les Tribunaux et les Douanes Françaises
37, avenue de Friedland - Paris — tél. 359-06-74

M. JACQUES DUBOURG
Expert près les Tribunaux et les Douanes Françaises
126, boulevard Haussmann - Paris — tél. 522-02-46

Mlle PAULE CAILLAC
Expert près les Tribunaux
13, rue de Seine - Paris — tél. 326-98-88

M. PAUL EBSTEIN
Expert près les Douanes Françaises
6, rue Ernest-Psichari - Paris — tél. 468-69-55

EXPOSITION PARTICULIERE :
ETUDES RHEIMS ET LAURIN
6 bis, rue des Saints-Pères - Paris — tél. 222-61-90
DU 2 AU 6 JUIN, de 10 h. à 12 h. 30 et de 14 h. à 18 h.

EXPOSITION PUBLIQUE :
SALONS DU GEORGE V
LUNDI 9 JUIN, de 21 h. à 23 h.
MARDI 10 JUIN, de 10 h. à 16 h.

RHEIMS & LAURIN
178, New Bard Street - Londres W1 — tél. 629-02-31"
FO-0155_2,CATALOGUE RAISONNE,"Papier à en-tête de Sylvie Brame, Galerie Brame et Lorenceau (68, Boulevard Malesherbes, 75008 Paris), présentant la spécialité de la galerie (“Peintures, Pastels, Aquarelles, Dessins, Sculptures de 1820 à 1920”) et ses coordonnées téléphoniques et fax. Le texte se conclut par la formule de politesse «Avec ses sentiments les plus cordiaux».","SYLVIE BRAME

GALERIE BRAME ET LORENCEAU

Peintures, Pastels, Aquarelles, Dessins, Sculptures

de 1820 à 1920

Tél. (1) 45 22 16 89

Fax (1) 45 22 01 67

68, Boulevard Malesherbes

75008 Paris

Avec ses sentiments les plus cordiaux"
FO-A-006,CORRESPONDANCE,"Philippe Besnard, de Paris (12 Bd Pereire, XVIIe), écrit à Jean‑Louis Forain pour le remercier de la confiance manifestée en le proposant pour collaborer à un monument, se disant fier et flatté par cette marque d'estime. Il assure son entier dévouement et prie Forain d'agréer ses hommages ainsi que ceux destinés à Madame Forain.","Paris 12. Bd Pereire XVIIe

Cher Maître et ami.

J'aurais vivement désiré vous voir
l'autre jour - et vous remercier pour
la confiance que vous m'avez montrée
en désirant collaborer avec moi pour un
monument.

Je suis très fier de l'estime qu'implique
un tel desir, et très flatté qu'il émane
de Forain.

C'est vous dire que vous pourrez
compter sur mon entier dévouement

Merci encore Cher Maître et ami
et croyez à mes sentiments d'admiration
et de respect. Veuillez, je vous prie
présenter mes hommages à Madame
Forain.

Philippe Besnard."
FO-A-012_1,CORRESPONDANCE,"Depuis Gerardmer, l'auteur s'adresse à son ""cher maître et ami"" pour le remercier de son soutien pendant des épreuves et explique qu'il n'a pas pu venir à Paris. Il ajoute qu'il s'est engagé au 152e d'Infanterie, y a été reçu avec enthousiasme et compte arriver parmi les premiers à Colmar, en ajoutant qu'il faut qu'il ne se fasse pas prendre.","Gerardmer, Janvier le 8 Aout
Cher maître et ami...

Voilà longtemps que je voulais
vous écrire pour vous dire ma
reconnaissance pour tout ce que vous
avez fait pour moi pendant les
sensibles épreuves que j'ai traversées.
Les premières semaines j'étais bien
fatigué et abattu, puis après je
pensais venir moi-même à Paris
pour vous remercier - puis les
événements se sont précipités..
Alors j'ai estimé que les actes
valaient mieux que les paroles
et je me suis engagé au 152e
d'Infanterie, le beau régiment
d'ici. J'y ai été reçu avec un
véritable enthousiasme - et avec
et je suis sur d'arriver à
Colmar parmi les premiers...
Faut pas que je me fasse prendre"
FO-A-012_2,CORRESPONDANCE,"Un mobilisé au front, évoquant la frontière, Colmar, la Schlucht et l'Alsace, assure que le moral des troupes est excellent, raconte avoir interrogé un blessé prisonnier, relate l'émotion de la journée de Leipzig et la visite à son père six jours avant la mobilisation, tout en affirmant sa confiance que la justice finira par être faite. Il confie son inquiétude pour ses proches en Alsace mais se console qu'Helmut veille sur eux, demande si Jean-Loup est dans l'Est et envisage d'adresser ses remerciements au Figaro sans savoir à qui s'adresser.","par exemple, car mon compte serait bon.... Mais j'ai confiance absolue,
le moral des troupes ici est au dessus de toute éloge.... Dans les petits
engagements à la frontière, dans ces petits soldats ont été très braves -
et j'ai déjà eu le plaisir d'interroger entre autres un blessé venant de
la garnison de Colmar, fait prisonnier à la Schlucht. La vie est belle
parfois -
J'ai vu mon père pour la dernière fois 6 jours avant la mobilisation.
Il m'a dit cette visite matinale chez lui, se confiait il en avait été
ému; j'ai eu ainsi que vous étiez tout près de moi pendant cette
affreuse et émouvante journée de Leipzig, et cela m'a rendu plus
que je ne saurais vous dire: ce jour-là j'ai eu le sentiment que ces gens là
étaient capables de tout ... et je ne m'étonne plus de rien. Mais je suis
sûr aussi que la justice est en marche et qu'ils paieront: et ce jour-là
je veux en être.

D'Alsace pas d'autres nouvelles que les mêmes nouvelles données par les
journaux; et je suis très, très inquiet pour mes proches. Mais d'ici, amis que mon défenseur et ami Helmut pour en sûreté et c'est là une grande
consolation..

Jean-Loup est-il dans l'Est? Peut-être les événements ne le
seront retrouver par ici et ce sera une grande joie. Envoyez-lui un bon
souvenir quand vous lui écrivez.
J'aimerais vouloir écrire au Figaro, pour le remercier; mais je ne sais à
qui je dois m'adresser spécialement, et il vaudra peut-être mieux attendre"
FO-A-018,CORRESPONDANCE,"Le colonel du 22e Dragons, à Reims (1er mars 1914), remercie Madame et Monsieur Boussion Vinaudieu pour leurs envois aimables et touchants au nom de leur fils, du régiment et des chefs et camarades, les assurant que leurs marches n'ont pas été très dures et leur adressant ses sentiments dévoués.","22e DRAGONS
LE COLONEL

Reims, le 1er Mars 1914

Madame et Mr. Boussion Vinaudieu

Votre fils, le colonel et son régiment
ont reçu vos si aimables et touchants envois,
et vous en adressent mille remerciements.

Nos chefs et camarades aussi.
Nos marches toujours n'ont été très dures.
Je vous prie de vouloir bien agréer, Madame et Monsieur,
l'assurance de nos sentiments dévoués."
FO-A-023_1,CORRESPONDANCE,"Armand Dayot, directeur de la revue L'Art et les Artistes, écrit à Jean-Louis Forain (Paris, 4 déc. 1920) pour l'informer de la liste des tableaux choisis pour un numéro spécial qui lui sera consacré en mai, avec un texte de Gustave Geffroy. Il le prie de ne pas laisser sortir ces œuvres avant qu'elles soient photographiées, recommande son excellent photographe Vizzavona et propose d'économiser les frais de déplacement en empruntant éventuellement des originaux/épreuves.","REVUE ◊ ◊ ◊ ◊ ◊
◊ ◊ ◊ ◊ ◊ ◊ ◊ ◊ ◊ ◊
D'ART ANCIEN ◊ ◊
◊ ◊ ◊ ◊ ◊ ◊ ◊ ◊
D'ART MODERNE ◊
◊ ◊ ◊ ◊ ◊ ◊ ◊ ◊ ◊
D'ART DÉCORATIF

L'ART
ET LES ARTISTES

Armand DAYOT Directeur Fondateur

TELEPHONE FLEURUS 01-34

RÉDACTION ET ADMI
NISTRATION 23, QUAI
VOLTAIRE, PARIS. ◊
PRIX DE L'ABONNE
MENT D'UN AN ◊ ◊
FRANCE 60 FR. ◊
ÉTRANGER 75 FR

Paris, le 4 Déc 1920

Mon cher Forain,

Voici donc la liste, avec les titres appropriés, des peintures que nous avons choisies d'un commun accord, pour être reproduites dans le n° spécial que va vous consacrer l'Art et les Artistes (en mai j'espère) avec le texte de Gustave Geffroy.

Je serais très heureux si vous pouviez ne pas laisser sortir une seule de ces peintures de chez vous avant d'en avoir fait faire des photographies ; j'ai un excellent photographe que j'utilise depuis les origines de ma Revue, c'est-à-dire depuis 15 ans : M. Vizzavona (c'est-à-dire depuis 15 ans). - Gonse?

Cette assurance elle peut vous être utile. Vizzavona est fort habile et très raisonnable. Ce que je souhaiterais, afin de réduire autant que possible les frais de déplacement, c'est que (si vous avez excellent photographe) vous puissiez me prêter quelques origines de ma Revue.

Veuillez agréer, mon cher Forain, l'expression de mes sentiments très dévoués.

Armand Dayot"
FO-A-031_1,CORRESPONDANCE,"Datée du 21 janvier depuis 52 rue de Moscou, la lettre informe un ""Cher Monsieur"" que M. Blaizot est contraint d'interrompre la fabrication de leur album parce que plusieurs dessins promis manquent. L'auteur demande si Blaizot lui a bien précisé qu'il s'agit de dessins concernant le monde judiciaire, les courses, etc.","52. Rue de Moscou.
____________________
ce 21 janv.

Cher Monsieur,

M. Blaizot vient de
m'écrire qu'il est tout
à fait désolé d'être
obligé d'interrompre la
""fabrications"" (quel mot!)
de notre album, parce que
beaucoup de dessins que
vous aviez bien voulu
lui promettre, lui manquent.
Vous a-t-il bien dit
qu'il s'agit de dessins
relatifs au monde judiciaire
au monde des courses, etc.
etc. ?
Il me serait"
FO-A-034,CORRESPONDANCE,"Alfred informe Très chère Madame A de son arrivée à Paris et s'excuse de ne pas avoir pu venir la prévenir, retenu par le travail. Il indique que ""c'est prêt"" et qu'il sera charmé de la voir.","Très chère Madame A
arrivé à Paris! Je n'ai
pu aller vers vous pour
faire signe ayant dû venir
et travailler comme on
s'habitue; c'est prêt, je
serai charmé de vous
voir. Alfred"
FO-A-1111,CORRESPONDANCE,"Depuis 6 avenue de Camoëns, « Denys » demande à un « cher monsieur » de lui restituer sa pendule à l'occasion de ses concerts et s'excuse pour tout ennui imprévu que cela pourrait causer.","6 AVENUE DE CAMOËNS
TÉLÉPH. 667-57

- Cher monsieur
je vous prie de me rendre
ma pendule
à mes concerts,
s'il est ennuyé imprévu
Oh! - Denys"
FO-A-467_2,CORRESPONDANCE,"Lettre adressée à « ma chère maman » annonçant que l'auteur partira lundi soir avec toute la famille pour Paris. Il ajoute qu'il ne fait pas froid mais qu'il a un peu plu, que Paul a séjourné deux jours puis est reparti hier soir avec les amis de Maud, et qu'il aide papa à emballer.","CORRESPONDANCE
CARTE POSTALE
ADRESSE

Mardi 8 oct.

Ma chère maman.

Lundi soir je pars

avec toute la famille

pour Paris. il ne

fait pas froid du

tout ici - mais un

petit peu de pluie.

Paul est venu passer

deux jours et hier soir

il est parti avec tous

les amis de maud.

j'aide papa a emballer"
FO-A-575_2,CORRESPONDANCE,"Eden Favrey informe que Mme de Gournay est partie voir sa fille à Alençon et ne reviendra pas avant jeudi, et qu'il a demandé à Mme de Neuville, fille du duc d'Audiffret Pasquier, de venir renvoyer ses hôtes en janvier. Il ajoute que ce dîner avait été organisé au déjeuner de Palmyre où l'on a beaucoup regretté leur absence et conclut en se félicitant de la bonne nouvelle.","Merci! j' dois seulement la prévenir que Mme de Gournay
est allée voir sa fille à Alençon, et ne sera pas de retour
avant jeudi. Mais j'ai demandé à une bonne amie à
moi, Madame de Neuville, la fille du duc d'Audiffret
Pasquier de venir renvoyer mes hôtes en janvier.
Ce dîner a été arrangé au déjeuner de Palmyre où l'on
nous a beaucoup regretté -
Une bonne réponse! n'est ce pas, et bien à vous

ce 15 fevrier
Eden Favrey"
FO-A-606_2,CORRESPONDANCE,"Le 1er janvier 1915, Ephérémond écrit à une « chère Madame » pour lui souhaiter bonne santé et dire qu'elle paraît bien installée. Il annonce qu'il viendra la voir à la rentrée prochaine, peut‑être accompagné de Mlle Poulbot, et qu'il la téléphonera ce matin.","tout à fait installée
une spontanéité et que votre
santé ne laisse rien à désirer.
Je viendrai pour vous voir
la rentrée prochaine si
cela ne vous dérange pas,
peut-être Mlle Poulbot m'accompagnera-t-elle
car elle
désire vous faire une visite!!
Je vous téléphonerai d'ailleurs ce matin -
A bientôt donc,
chère Madame, et croyez
à toute la sympathie de
Ephérémond
- Le 1er Janv 1915 -"
FO-A-631_2,CORRESPONDANCE,"L'auteur s'excuse d'un rendez‑vous/report remis malgré eux, remercie pour l'invitation qui leur a fait plaisir et promet de la rappeler si nécessaire. Il précise que Destuty a l'intention formelle de terminer la pantomime au plus tôt et que les photographies de Jean‑Loup sont en cours de développement à l'hydroquinone et seront reçues avant sa prochaine visite.","remis malgré nous,
mais je m'engage à
vous rappeler au besoin
votre invitation, ne
serait-ce que pour vous
trouver tout le plaisir
qu'elle nous a fait.

Destuty m'a exprimé
mon intention formelle
de terminer votre panto-

même le plus tôt qu'il
pourra ; et ceci n'est
pas une phrase.
les photographies
de Jean-Loup doivent
plonger en ce moment
dans l'Hydroquinone
si mon fournisseur est
exact. Vous les recevrez
certainement avant (ma
prochaine visite et je"
FO-A-676_2,CORRESPONDANCE,"Depuis Alexandrie, jean lon écrit à Monsieur jean Lamarat (14, rue François Guibert, Paris 14e) un court message de salutations : « à bientôt, souvenir ».","Alexandrie.

Monsieur jean Lamarat
14, rue François Guibert.
Paris (14e)

à bientôt
souvenir
jean lon"
FO-A-714_2,CORRESPONDANCE,"G. Maullenneux écrit à Monsieur Forain (18 rue Aguado, Dieppe) pour l'informer qu'il est bien arrivé ce matin mais ne peut pas rester plus longtemps et qu'il partira demain matin à 8 heures pour Rouen. Il le rassure et promet de lui écrire de là, en signant affectueusement.","Monsieur Forain
18 rue Aguado
Dieppe

Ma chère vieille et bonne amie je suis arrivé bien ce matin et ne puis rester ici plus longtemps. Je pars demain matin à 8 heures pour Rouen. Ne vous inquiétez pas je vous écrirai de là. Affectueusement
G. Maullenneux"
FO-A-726_2,CORRESPONDANCE,"L'auteur remercie son ami pour sa carte et raconte qu'il se trouve à Londres, « plein au milieu des fleurs et des couleurs », profitant d'une journée parfaite et inoubliable. Il conclut sur une formule affectueuse (« A mes amours ») et signe « Ton dévoué ami ».","Mon vieux vous longt. merci
Ta carte! Vous voici -
Plein au milieu des fleurs
et des couleurs le plus
parfait - Journée si
heureuse inoubliable -
A mes amours - Londres
Ton dévoué ami"
FO-A-778_1,CORRESPONDANCE,"La lettre évoque à Reims le nouveau Kiosque du 3e Canton inauguré le 29 juillet 1906, puis passe à des propos personnels: l'auteur affirme garder précieusement ses «bonnes matricules» dans sa boîte pour en rêver, assure qu'il suit entièrement le destinataire avec grande attention et l'embrasse sincèrement. Le texte se termine par des annotations chiffrées (2x1/2 x1/2? 1x? 1x?).","REIMS - Le nouveau Kiosque du 3e Canton, inauguré le 29 Juillet 1906
demain duras les vous qui me verront
Prijcieuses, en effet je garde toute mes bonnes matricules dans ma boite pour en voir des reves.
encore une fois crois bien que je te suis entièrement avec la grande attention
je t'embrasse bien sincerement
2x1/2 x1/2? 1x? 1x?"
FO-A-841_1,CORRESPONDANCE,"Le 1er décembre 1918, un correspondant établi à Pasmoullet (Lezoux, Pont-de-Dore, Puy-de-Dôme) écrit à Madame Perrin pour la remercier et surtout pour demander des nouvelles d'Abel Perrin et de Jean ???, touchés par la guerre. Il dit avoir appris que l'un d'eux avait été légèrement blessé et réclame des précisions sur son état ainsi que des nouvelles de la famille.","1er Décembre 1918

PASMOULLET
LEZOUX ✉, COURTY À 3 KIL.
PONT-DE-DORE ⛴
(PUY DE DÔME)

Chère Madame Perrin
C'est un peu me remercier, qui
pour donner reprise de vie, mais je
pour obtenir qu'elle m'ait écrit de
pouvoir à vous, à Abel Perrin, et
à Jean ???, pour lequel est le
prix charge pour, depuis cette abominable
guerre. J'ai su que mon état il
avait été blessé sans gravité, mais
qui est il maintenant. Je voudrais
tant avoir de ses nouvelles, dites toutes,
de votre et votre femme, et donnerai
si vous n'écrivez pas tous donnez pls"
FO-A-931_2,CORRESPONDANCE,"Dans une courte lettre signée ""Jean"" adressée à ""ma chère amie"", l'auteur confie qu'après beaucoup de travail il réalise que ses premiers pas amoureux datent de ses dix années de vie militaire, où il a suscité des admirateurs, notamment parmi les réformés. Il ajoute qu'il pense depuis trois ans aux ""primaires"" et évoque un contact téléphonique ""au Croisement est"", puis remercie sa correspondante et lui assure son admiration.","Ma chère amie | M
après beaucoup de travail
je m'aperçois que je suis venu
pendant mes dix années de vie
militaire mes premiers pas amoureux,
faisant des admirateurs et les plus joli
parmi les réformés connaissants
depuis trois années je pense aux
primaires - puis par téléphone
au Croisement est

Avec mes remerciements je
vous prie de croire a toute
mon admiration
Jean"
FO-A-025,MUSIQUE,"J. Meynard, depuis le Cercle des Capucines à Paris (20 août), écrit à un ami pour lui transmettre la liste des membres de la commission chargée de choisir le candidat à Galignani, en précisant que Monsieur Bonnaire au Secrétariat de l'Institut peut renseigner sur son dossier et le remerciant par avance de l'aide en ces pénibles circonstances. Il affirme pouvoir compter sur la première colonne (Pr. Ch. Widor, Laloux, Chabas, E. de Rothschild, Lefebvre sculp., Coutan sculp., J. L. Sulpice graveur, Waltener graveur) et mentionne une seconde colonne (Palhaide musi, Ch. Dubois musi, Delaplane architecte, Allar sculpt., Michel prof. collège de France).","Cercle des Capucines
6. Boulevard des Capucines

Paris 20 Août

Mon Cher ami
Ci contre la liste des membres
qui font partie de la
commission qui choisit le
candidat à Galignani.
Je ne t'en certifie pas
l'exactitude absolue
Il y a au Secrétariat de
l'Institut un aimable
homme spécialement
chargé des dossiers
un Monsieur Bonnaire

qui ne peux te refuser de
te renseigner pour tout
ce qui concerne mon cas
Merci de tout ce que tu
tenteras pour moi en ces
pénibles circonstances
et bonne poignée de main

J. Meynard.
18 rue des Gatines

Pr. Ch. Widor
Laloux
Chabas
E. de Rothschild
Lefebvre sculp.
Coutan sculp.
J. L. Sulpice graveur
Waltener graveur

Je crois pouvoir compter sur la 1re colonne

Palhaide musi
Ch. Dubois musi
Delaplane architecte
Allar sculpt.
Michel prof. collège de France"
FO-A-631_1,MUSIQUE,"Dimanche, l'auteur informe Madame qu'il devait lui amener Debussy le lendemain, mais que Debussy — qui ne s'absente jamais — vient de quitter Paris pour une dizaine de jours ; leur dîner est donc reporté.","Dimanche.

Madame
Je devais vous amener
Debussy demain, mais,
qui ne s'absente
jamais, il vient de
quitter Paris pour
une dizaine de jours;
notre dîner est donc"
FO-A-631_2,MUSIQUE,"L'auteur s'excuse d'avoir été empêché de répondre à l'invitation et promet de la rappeler si besoin, ajoutant que Destuty a formellement l'intention de terminer la pantomime du destinataire au plus tôt. Il informe aussi que les photographies de Jean-Loup sont en cours de développement à l'hydroquinone et seront reçues avant sa prochaine visite.","remis malgré nous,
mais je m'engage à
vous rappeler au besoin
votre invitation, ne
serait-ce que pour vous
trouver tout le plaisir
qu'elle nous a fait.

Destuty m'a exprimé
mon intention formelle
de terminer votre panto-

même le plus tôt qu'il pourra ; et ceci n'est pas une phrase.
les photographies
de Jean-Loup doivent
plonger en ce moment
dans l'hydroquinone
si mon fournisseur est
exact. Vous les recevrez
certainement avant ma
prochaine visite et je"
FO-A-631_3,MUSIQUE,Pierre Louis exprime son souhait que « elles » n'aient pas trop souffert de l'éclairage à contre-jour et adresse à Madame ses sentiments respectueux.,"souhaite qu'elles n'aient
pas trop souffert de
l'éclairage à contre-jour.
Veuillez croire, madame,
à tous mes sentiments
respectueux
Pierre Louis -"
FO-A-795_1,MUSIQUE,"À Paris le 20 mars 1909, Jacques Ibert informe Madame la Comtesse qu'après avoir consulté M. Widor il convient de suspendre la répétition prévue mardi pour corriger l'orchestration du 1er acte, estimant ces retouches à environ huit jours. Il présente ses excuses pour ce contretemps et garantit de prendre les mesures nécessaires pour éviter que cela ne se reproduise aux 2e et 3e actes.","Paris, le 20 Mars 1909

Madame

Je viens de voir Monsieur Widor,
il a été très aimable pour moi, et par suite
des remarques qu'il m'a fait à propos de l'or-
questation du 1er acte il serait prudent de
suspendre la répétition de mardi prochain
pour avoir le temps de faire les corrections
nécessaires sur la partition et parties d'orchestre.
Je crois qu'il ne faudra pas plus de 8 jours
pour cela

Je regrette beaucoup, Madame la
Comtesse, d'être la cause de ce dérangement,
je prendrai les mesures nécessaires pour que
cela n'arrive pas aux 2e et 3e acte

Jacques Ibert"
FO-A-795_2,MUSIQUE,Joseph Civil s'excuse de son inexpérience en demandant la bonté du destinataire pour l'en excuser et termine en lui adressant ses sentiments les plus respectueux en se disant son humble serviteur.,"J'espère de votre bonté qui vou-
dra bien excuser mon inexperience
vous priant en même temps d'agréer
l'expression des sentiments les plus re-
spectueux de votre humble serviteur

Joseph Civil"
FO-A-796,MUSIQUE,"Le 22 mai 1911, M. Th. Ollivier invite Forain à un moment musical : Gabriel Fauré et Mme Jeanne Beaumier viendront jouer chez eux le lundi 29. Il demande que Forain, Mme Forain et Monsieur Jean‑Loup soient présents à quatre heures et demie.","22 mai 1911.
Cher Monsieur,
Mr Gabriel Fauré et Mme Jeanne
Beaumier viennent faire un peu de
musique à mon mari lundi prochain 29-
Voulez-vous, avec Mme Forain et Monsieur
Jean-Loup être des nôtres à quatre heures
et demie?
Bien cordialement
M Th Ollivier"
FO-NABOTS-CARNET-TEXTES_10,NABOTS,"Dialogue évoquant un souvenir où Bettina s'excuse d'avoir rappelé quelque chose, l'interlocuteur feint la faute. Ils décident de ne pas réveiller le curé et optent pour chanter doucement ensemble, en commençant par la chanson favorite « la promenade d'un chantre en plein air ».","que j'ai oublié...Au contraire
me suis souvenu
Bettina

Oh! pardon d'avoir évoqué
un souvenir---

-
il doit objecter ma faute
B
Comment votre faute?

Alors ne faisons point bruit
Ne le réveillons pas
-
Je vais atteler la voiture
Allez! me faire réveiller monsieur
le curé. Nous ne pourrons

Ne pas s'attaquer sans leur
? ordonnance
mais comment?
Bettina
Attendez!.... Nous allons chanter
ensemble tous bas d'abord puis
nous chanterons peu à peu!
vois
Chanter mais quoi?
B
Chantons votre chanson favorite
vous savez elle chante la promenade
d'un chantre en plein air
-"
FO-NABOTS-CARNET-TEXTES_27,NABOTS,Fragment d'une scène (Scène 9e) où Bellina supplie l'abbé/curé d'entendre sa confession; elle évoque Monsieur Jean et mentionne un homme qui la déclare aimer depuis deux mois.,"Scène 9e
Bellina allant droit a l'abbé
Monsieur le Curé, je viens
vous prier de vouloir bien entendre
ma confession.... oui ma
confession. Restez monsieur
Jean Je parlerai très volontiers
devant vous... et cela sera
bien mieux aussi, voulez vous

Monsieur le Curé, parmi
tous les hommes qui s'effacent
chaque jour de me faire
entendre qu'ils m'aiment
il est un homme qui est
deux mois, a faire"
FO-NABOTS-PANTOMIME-1_07,NABOTS,"Extrait théâtral (2e acte, 1re scène) où, de nuit au puits, le chevalier est confronté aux déclarations d'amour de ""les petites"" qui lui demandent de choisir en montrant leurs atours; il les trouve identiques et avoue ne pouvoir préférer l'une à l'autre, aimant justement leur égalité.","2eme  Acte

1re Scène

- Au lever du rideau, nuit sur la scène -

- Le chevalier est sorti par la porte du milieu et
vient lentement vers les petites qui sont debout près
du puits en extase.

- Elles s'avancent un peu puis reculent.

- Tout a coup, et ensemble elles se decident et à lui
faire leur déclaration d'amour............

- Le chevalier les regarde l'une et l'autre et leur
exprime le plaisir qu'il a de les voir ainsi devenues
toutes roses!

""Il faut lui disent-elles que tu choisisses une de nous
et nous nous inclinerons à l'avance sur le choix que
tu feras.

Cependant elles montrent leurs pieds, leurs mains, leurs longues
nattes et comme deux petites chattes font mille grâces devant
le chevalier.

Il compare les cheveux, leurs mains et dit qu'elles sont
toute pareille, que devant leur beauté identique il ne saurait
préférer l'une à l'autre et que c'est justement cette égalité
qu'il aime."
